{"cameraMode":{"drawMode":0,"name":"Shaded","section":"Shading Mode"},"sceneLighting":true,"audioPlay":false,"sceneViewState":{"showFog":true,"showMaterialUpdate":true,"showSkybox":true,"showFlares":true,"showImageEffects":true,"showParticleSystems":true},"in2DMode":false,"pivot":{"x":-57.330074310302737,"y":-13.696731567382813,"z":238.74081420898438},"rotation":{"x":-0.0958247035741806,"y":0.1752411425113678,"z":-0.017140373587608339,"w":-0.9797011613845825},"size":602.2611083984375,"orthographic":false}